Workbook

Sheet Inicio
B2: Cuotas de alumnos o socios
B3: Para gimnasios, academias, escuelitas de fútbol, clases particulares y clubes: quién pagó cada mes, quién debe y cuánto entró.
B5: Cómo se usa
B6: • Hoja "Alumnos": nombre, teléfono, actividad y cuota mensual.
B7: • Hoja "Pagos": cada pago es una fila con la fecha, el alumno (se elige de la lista), el mes que paga y el monto.
B8: • Hoja "Estado del mes": elegí mes y año, y ves quién pagó (verde) y quién debe (rojo), y el total cobrado.
B10: Celdas amarillas con texto azul = las completás vos. El resto se calcula solo: no lo borres.
B12: ¿Te sirvió? Invitame un café 🙌 Alias de Mercado Pago: igna.pelliza
B13: Plantilla gratuita hecha en San Juan, Argentina. Podés usarla y compartirla. Revisá siempre tus números: es una herramienta de ayuda.

Sheet Alumnos
A1: Nombre | B1: Teléfono | C1: Actividad | D1: Cuota mensual ($) | E1: Activo
A2: Martínez, Sofía (ejemplo) | B2: 264 000-0000 | C2: Funcional | D2: 20000 | E2: Sí

Sheet Pagos
A1: Fecha de pago | B1: Alumno | C1: Mes que paga (1 a 12) | D1: Año | E1: Monto ($) | F1: Medio
A2: 46318 | B2: Martínez, Sofía (ejemplo) | C2: 10 | D2: 2026 | E2: 20000 | F2: Transferencia

Sheet Estado del mes
A1: Estado del mes
A2: Mes (1 a 12): | B2: 10 | C2: Año: | D2: 2026
A4: Alumno | B4: Cuota ($) | C4: Pagó ($) | D4: Debe ($) | E4: Estado | G4: Cobrado en el mes:
A5: =IF(OR(Alumnos!A2="",Alumnos!E2="No"),"",Alumnos!A2) -> Martínez, Sofía (ejemplo) | B5: =IF(A5="","",Alumnos!D2) -> 20000 | C5: =IF(A5="","",SUMIFS(Pagos!$E$2:$E$3001,Pagos!$B$2:$B$3001,A5,Pagos!$C$2:$C$3001,$B$2,Pagos!$D$2:$D$3001,$D$2)) -> 20000 | D5: =IF(A5="","",MAX(0,B5-C5)) -> 0 | E5: =IF(A5="","",IF(D5=0,"PAGÓ","DEBE")) -> PAGÓ | G5: =SUM(C5:C304) -> 20000
A6: =IF(OR(Alumnos!A3="",Alumnos!E3="No"),"",Alumnos!A3) | B6: =IF(A6="","",Alumnos!D3) | C6: =IF(A6="","",SUMIFS(Pagos!$E$2:$E$3001,Pagos!$B$2:$B$3001,A6,Pagos!$C$2:$C$3001,$B$2,Pagos!$D$2:$D$3001,$D$2)) | D6: =IF(A6="","",MAX(0,B6-C6)) | E6: =IF(A6="","",IF(D6=0,"PAGÓ","DEBE"))
A7: =IF(OR(Alumnos!A4="",Alumnos!E4="No"),"",Alumnos!A4) | B7: =IF(A7="","",Alumnos!D4) | C7: =IF(A7="","",SUMIFS(Pagos!$E$2:$E$3001,Pagos!$B$2:$B$3001,A7,Pagos!$C$2:$C$3001,$B$2,Pagos!$D$2:$D$3001,$D$2)) | D7: =IF(A7="","",MAX(0,B7-C7)) | E7: =IF(A7="","",IF(D7=0,"PAGÓ","DEBE")) | G7: Falta cobrar:
A8: =IF(OR(Alumnos!A5="",Alumnos!E5="No"),"",Alumnos!A5) | B8: =IF(A8="","",Alumnos!D5) | C8: =IF(A8="","",SUMIFS(Pagos!$E$2:$E$3001,Pagos!$B$2:$B$3001,A8,Pagos!$C$2:$C$3001,$B$2,Pagos!$D$2:$D$3001,$D$2)) | D8: =IF(A8="","",MAX(0,B8-C8)) | E8: =IF(A8="","",IF(D8=0,"PAGÓ","DEBE")) | G8: =SUM(D5:D304) -> 0
A9: =IF(OR(Alumnos!A6="",Alumnos!E6="No"),"",Alumnos!A6) | B9: =IF(A9="","",Alumnos!D6) | C9: =IF(A9="","",SUMIFS(Pagos!$E$2:$E$3001,Pagos!$B$2:$B$3001,A9,Pagos!$C$2:$C$3001,$B$2,Pagos!$D$2:$D$3001,$D$2)) | D9: =IF(A9="","",MAX(0,B9-C9)) | E9: =IF(A9="","",IF(D9=0,"PAGÓ","DEBE"))
A10: =IF(OR(Alumnos!A7="",Alumnos!E7="No"),"",Alumnos!A7) | B10: =IF(A10="","",Alumnos!D7) | C10: =IF(A10="","",SUMIFS(Pagos!$E$2:$E$3001,Pagos!$B$2:$B$3001,A10,Pagos!$C$2:$C$3001,$B$2,Pagos!$D$2:$D$3001,$D$2)) | D10: =IF(A10="","",MAX(0,B10-C10)) | E10: =IF(A10="","",IF(D10=0,"PAGÓ","DEBE")) | G10: Deben:
A11: =IF(OR(Alumnos!A8="",Alumnos!E8="No"),"",Alumnos!A8) | B11: =IF(A11="","",Alumnos!D8) | C11: =IF(A11="","",SUMIFS(Pagos!$E$2:$E$3001,Pagos!$B$2:$B$3001,A11,Pagos!$C$2:$C$3001,$B$2,Pagos!$D$2:$D$3001,$D$2)) | D11: =IF(A11="","",MAX(0,B11-C11)) | E11: =IF(A11="","",IF(D11=0,"PAGÓ","DEBE")) | G11: =COUNTIF(E5:E304,"DEBE") -> 0
A12: =IF(OR(Alumnos!A9="",Alumnos!E9="No"),"",Alumnos!A9) | B12: =IF(A12="","",Alumnos!D9) | C12: =IF(A12="","",SUMIFS(Pagos!$E$2:$E$3001,Pagos!$B$2:$B$3001,A12,Pagos!$C$2:$C$3001,$B$2,Pagos!$D$2:$D$3001,$D$2)) | D12: =IF(A12="","",MAX(0,B12-C12)) | E12: =IF(A12="","",IF(D12=0,"PAGÓ","DEBE"))
A13: =IF(OR(Alumnos!A10="",Alumnos!E10="No"),"",Alumnos!A10) | B13: =IF(A13="","",Alumnos!D10) | C13: =IF(A13="","",SUMIFS(Pagos!$E$2:$E$3001,Pagos!$B$2:$B$3001,A13,Pagos!$C$2:$C$3001,$B$2,Pagos!$D$2:$D$3001,$D$2)) | D13: =IF(A13="","",MAX(0,B13-C13)) | E13: =IF(A13="","",IF(D13=0,"PAGÓ","DEBE"))
A14: =IF(OR(Alumnos!A11="",Alumnos!E11="No"),"",Alumnos!A11) | B14: =IF(A14="","",Alumnos!D11) | C14: =IF(A14="","",SUMIFS(Pagos!$E$2:$E$3001,Pagos!$B$2:$B$3001,A14,Pagos!$C$2:$C$3001,$B$2,Pagos!$D$2:$D$3001,$D$2)) | D14: =IF(A14="","",MAX(0,B14-C14)) | E14: =IF(A14="","",IF(D14=0,"PAGÓ","DEBE"))
A15: =IF(OR(Alumnos!A12="",Alumnos!E12="No"),"",Alumnos!A12) | B15: =IF(A15="","",Alumnos!D12) | C15: =IF(A15="","",SUMIFS(Pagos!$E$2:$E$3001,Pagos!$B$2:$B$3001,A15,Pagos!$C$2:$C$3001,$B$2,Pagos!$D$2:$D$3001,$D$2)) | D15: =IF(A15="","",MAX(0,B15-C15)) | E15: =IF(A15="","",IF(D15=0,"PAGÓ","DEBE"))
A16: =IF(OR(Alumnos!A13="",Alumnos!E13="No"),"",Alumnos!A13) | B16: =IF(A16="","",Alumnos!D13) | C16: =IF(A16="","",SUMIFS(Pagos!$E$2:$E$3001,Pagos!$B$2:$B$3001,A16,Pagos!$C$2:$C$3001,$B$2,Pagos!$D$2:$D$3001,$D$2)) | D16: =IF(A16="","",MAX(0,B16-C16)) | E16: =IF(A16="","",IF(D16=0,"PAGÓ","DEBE"))
A17: =IF(OR(Alumnos!A14="",Alumnos!E14="No"),"",Alumnos!A14) | B17: =IF(A17="","",Alumnos!D14) | C17: =IF(A17="","",SUMIFS(Pagos!$E$2:$E$3001,Pagos!$B$2:$B$3001,A17,Pagos!$C$2:$C$3001,$B$2,Pagos!$D$2:$D$3001,$D$2)) | D17: =IF(A17="","",MAX(0,B17-C17)) | E17: =IF(A17="","",IF(D17=0,"PAGÓ","DEBE"))
A18: =IF(OR(Alumnos!A15="",Alumnos!E15="No"),"",Alumnos!A15) | B18: =IF(A18="","",Alumnos!D15) | C18: =IF(A18="","",SUMIFS(Pagos!$E$2:$E$3001,Pagos!$B$2:$B$3001,A18,Pagos!$C$2:$C$3001,$B$2,Pagos!$D$2:$D$3001,$D$2)) | D18: =IF(A18="","",MAX(0,B18-C18)) | E18: =IF(A18="","",IF(D18=0,"PAGÓ","DEBE"))
A19: =IF(OR(Alumnos!A16="",Alumnos!E16="No"),"",Alumnos!A16) | B19: =IF(A19="","",Alumnos!D16) | C19: =IF(A19="","",SUMIFS(Pagos!$E$2:$E$3001,Pagos!$B$2:$B$3001,A19,Pagos!$C$2:$C$3001,$B$2,Pagos!$D$2:$D$3001,$D$2)) | D19: =IF(A19="","",MAX(0,B19-C19)) | E19: =IF(A19="","",IF(D19=0,"PAGÓ","DEBE"))
A20: =IF(OR(Alumnos!A17="",Alumnos!E17="No"),"",Alumnos!A17) | B20: =IF(A20="","",Alumnos!D17) | C20: =IF(A20="","",SUMIFS(Pagos!$E$2:$E$3001,Pagos!$B$2:$B$3001,A20,Pagos!$C$2:$C$3001,$B$2,Pagos!$D$2:$D$3001,$D$2)) | D20: =IF(A20="","",MAX(0,B20-C20)) | E20: =IF(A20="","",IF(D20=0,"PAGÓ","DEBE"))
A21: =IF(OR(Alumnos!A18="",Alumnos!E18="No"),"",Alumnos!A18) | B21: =IF(A21="","",Alumnos!D18) | C21: =IF(A21="","",SUMIFS(Pagos!$E$2:$E$3001,Pagos!$B$2:$B$3001,A21,Pagos!$C$2:$C$3001,$B$2,Pagos!$D$2:$D$3001,$D$2)) | D21: =IF(A21="","",MAX(0,B21-C21)) | E21: =IF(A21="","",IF(D21=0,"PAGÓ","DEBE"))
A22: =IF(OR(Alumnos!A19="",Alumnos!E19="No"),"",Alumnos!A19) | B22: =IF(A22="","",Alumnos!D19) | C22: =IF(A22="","",SUMIFS(Pagos!$E$2:$E$3001,Pagos!$B$2:$B$3001,A22,Pagos!$C$2:$C$3001,$B$2,Pagos!$D$2:$D$3001,$D$2)) | D22: =IF(A22="","",MAX(0,B22-C22)) | E22: =IF(A22="","",IF(D22=0,"PAGÓ","DEBE"))
A23: =IF(OR(Alumnos!A20="",Alumnos!E20="No"),"",Alumnos!A20) | B23: =IF(A23="","",Alumnos!D20) | C23: =IF(A23="","",SUMIFS(Pagos!$E$2:$E$3001,Pagos!$B$2:$B$3001,A23,Pagos!$C$2:$C$3001,$B$2,Pagos!$D$2:$D$3001,$D$2)) | D23: =IF(A23="","",MAX(0,B23-C23)) | E23: =IF(A23="","",IF(D23=0,"PAGÓ","DEBE"))
... A304: =IF(OR(Alumnos!A301="",Alumnos!E301="No"),"",Alumnos!A301) | B304: =IF(A304="","",Alumnos!D301) | C304: =IF(A304="","",SUMIFS(Pagos!$E$2:$E$3001,Pagos!$B$2:$B$3001,A304,Pagos!$C$2:$C$3001,$B$2,Pagos!$D$2:$D$3001,$D$2)) | D304: =IF(A304="","",MAX(0,B304-C304)) | E304: =IF(A304="","",IF(D304=0,"PAGÓ","DEBE"))
A307: ¿Te sirvió? Alias de Mercado Pago: igna.pelliza
